{
  "id": "qsettingsplus",
  "name": "QSettingsPlus",
  "author": "Rugtveit",
  "description": [
      "QSettingsPlus - Gives you more options to change things!"
  ],
  "category": "Gameplay",
  "gameVersion": "1.9.0",
  "version": "1.0.0",
  "config": {},
  "links": {
  },
  "platform": "Quest",
  "components": [
    {
      "Type": "HookMod",
      "InstallAction": {
        "InstallLibraryFile": "libqsettingsplus.so"
      },
      "UninstallAction": {
        "RemoveLibraryFile": "libqsettingsplus.so"
      }
    }
  ]
}