{
  "id": "fpscounter",
  "name": "FpsCounter",
  "author": "Rugtveit",
  "description": [
      "Enables fps counter in 360 + standard mode"
  ],
  "category": "Gameplay",
  "gameVersion": "1.9.0",
  "version": "1.0.0",
  "config": {},
  "links": {
  },
  "platform": "Quest",
  "components": [
    {
      "Type": "HookMod",
      "InstallAction": {
        "InstallLibraryFile": "libfpscounter.so"
      },
      "UninstallAction": {
        "RemoveLibraryFile": "libfpscounter.so"
      }
    }
  ]
}